{
  "delta": 0.001,
  "knownGGGTemps": {
    "Sudarsky class I gas giant": [
      77.450478, 83.943596, 85.945335, 89.193558, 90.14109, 100.046646,
      109.874001, 113.841248, 117.776886, 119.986717, 120.72538, 122.29538,
      125.933167, 126.062111, 128.90947, 129.582138, 130.000000, 130.000015,
      132.010391, 135.434097, 137.307129
    ],
    "Sudarsky class II gas giant": [
      157.798843, 160.396164, 164.465302, 166.724182, 174.249985, 204.975662,
      206.818893, 213.91156, 217.840744, 217.87532, 225.990601, 228.357773,
      238.65065
    ],
    "Sudarsky class III gas giant": [
      276.751648, 299.305664, 370.000000, 550.000000, 580.000000, 610.000000,
      640.000000, 670.000000, 700.000000
    ],
    "Sudarsky class IV gas giant": [
      1149.999878, 1150.000000
    ],
    "Water giant": [
      158.000000
    ],
    "Gas giant with water based life": [
      158.000000, 176.666641, 176.666656, 176.666672, 176.666687, 217.499985
    ],
    "Gas giant with ammonia based life": [
      102.234520, 107.355812, 121.179939, 133.438171, 133.510468
    ]
  },
  "theorizedGGGTemps": {
    "Sudarsky class III gas giant": [

      310.000000, 340.000000, 400.000000, 490.000000, 520.000000, 760.000000, 790.000000
    ]
  }
}